path,slug,title,date,expiryDate,publishDate,draft,permalink
content/event/2022/9/seattle-robotics-society-the-applications-of-pybotics/index.md,,Seattle Robotics Society: The Applications of Pybotics,2022-10-15T00:00:00Z,0001-01-01T00:00:00Z,2022-09-13T07:52:37-04:00,false,https://nicholasnadeau.com/talk/seattle-robotics-society-the-applications-of-pybotics/
content/event/2022/8/design-to-product-applying-key-hardware-design-considerations/index.md,,Design to Product Podcast: Applying Key Hardware Design Considerations,2022-08-18T00:00:00Z,0001-01-01T00:00:00Z,2022-08-18T15:45:15-04:00,false,https://nicholasnadeau.com/talk/design-to-product-podcast-applying-key-hardware-design-considerations/
content/post/2022/8/lets-prioritize-safe-movement-for-humanoid-robots-not-facial-expressions/index.md,,"Let’s Prioritize Safety for Humanoid Robots, Not Flower Picking Movie Montages",2022-08-05T12:56:08-04:00,0001-01-01T00:00:00Z,2022-08-05T12:56:08-04:00,false,https://nicholasnadeau.com/post/2022/8/lets-prioritize-safe-movement-for-humanoid-robots-not-facial-expressions/
content/post/2022/7/debugging-yocto-dofetch-failed-to-fetch-url/index.md,,Debugging Yocto `do_fetch`: Failed to fetch URL,2022-07-26T09:17:56-04:00,0001-01-01T00:00:00Z,2022-07-26T09:17:56-04:00,false,https://nicholasnadeau.com/post/2022/7/debugging-yocto-dofetch-failed-to-fetch-url/
content/post/2022/7/practical-electronics-august-2022/index.md,,Practical Electronics August 2022,2022-07-13T13:43:08-04:00,0001-01-01T00:00:00Z,2022-07-13T13:43:08-04:00,false,https://nicholasnadeau.com/post/2022/7/practical-electronics-august-2022/
content/post/2022/7/the-ambassador-of-canada-to-norway-greets-humanoid-robot-eve-at-halodi-robotics-hq/index.md,,The Ambassador of Canada to Norway greets humanoid robot EVE at Halodi Robotics HQ,2022-07-13T08:45:38-04:00,0001-01-01T00:00:00Z,2022-07-13T08:45:38-04:00,false,https://nicholasnadeau.com/post/2022/7/the-ambassador-of-canada-to-norway-greets-humanoid-robot-eve-at-halodi-robotics-hq/
content/post/2022/7/halodis-humanoid-robots-are-already-amongst-us/index.md,,Halodi's Humanoid Robots Are Already Amongst Us!,2022-07-08T10:37:18-04:00,0001-01-01T00:00:00Z,2022-07-08T10:37:18-04:00,false,https://nicholasnadeau.com/post/2022/7/halodis-humanoid-robots-are-already-amongst-us/
content/post/2022/6/coffee-with-a-researcher-icra2022/index.md,,Coffee With a Researcher - ICRA 2022,2022-06-21T09:15:42-04:00,0001-01-01T00:00:00Z,2022-06-21T09:15:42-04:00,false,https://nicholasnadeau.com/post/2022/6/coffee-with-a-researcher-icra2022/
content/post/2022/5/icra-2022/index.md,,2022 International Conference on Robotics and Automation (ICRA) Recap,2022-05-27T12:58:03-04:00,0001-01-01T00:00:00Z,2022-05-27T12:58:03-04:00,false,https://nicholasnadeau.com/post/2022/5/icra-2022/
content/post/2022/5/immervision-brings-humanlike-vision-capabilities-to-halodi-robotics/index.md,,Immervision Brings Human-like Vision Capabilities to Halodi Robotics,2022-05-19T13:39:04-04:00,0001-01-01T00:00:00Z,2022-05-19T13:39:04-04:00,false,https://nicholasnadeau.com/post/2022/5/immervision-brings-humanlike-vision-capabilities-to-halodi-robotics/
content/post/2022/5/how-montreal-is-building-a-robot-workforce/index.md,,How Montreal Is Building a Robot Workforce,2022-05-16T20:53:57-04:00,0001-01-01T00:00:00Z,2022-05-16T20:53:57-04:00,false,https://nicholasnadeau.com/post/2022/5/how-montreal-is-building-a-robot-workforce/
content/publication/cole-2020-improved/index.md,,Improved Test Methods for Polymer AM Inter-Layer Weld Strength and Filament Mechanical Properties,2022-02-26T00:00:00Z,0001-01-01T00:00:00Z,2022-02-26T00:00:00Z,false,https://nicholasnadeau.com/publication/cole-2020-improved/
content/post/2022/2/esa-security-nation-magazine-cover-story/index.md,,ESA Security Nation Magazine Cover Story,2022-02-11T15:34:57-05:00,0001-01-01T00:00:00Z,2022-02-11T15:34:57-05:00,false,https://nicholasnadeau.com/post/2022/2/esa-security-nation-magazine-cover-story/
content/event/2022/1/dallas-isd-stem-expo/index.md,,Dallas ISD STEM Expo,2022-01-22T00:00:00Z,0001-01-01T00:00:00Z,2022-01-20T15:08:52-05:00,false,https://nicholasnadeau.com/talk/dallas-isd-stem-expo/
content/post/2021/11/lester-b-virtual-wall-of-fame-dr-nicholas-nadeau-engineer-specialized-in-robotics/index.md,,"Lester B Wall of Fame: Dr. Nicholas Nadeau, Engineer Specialized in Robotics",2021-11-22T08:51:39-05:00,0001-01-01T00:00:00Z,2021-11-22T08:51:39-05:00,false,https://nicholasnadeau.com/post/2021/11/lester-b-virtual-wall-of-fame-dr-nicholas-nadeau-engineer-specialized-in-robotics/
content/post/2021/11/startup-community-gala-2021-nomination-mentor-of-the-year/index.md,,Mentor of the Year Nomination: Startup Community Gala 2021,2021-11-12T14:18:53-05:00,0001-01-01T00:00:00Z,2021-11-12T14:18:53-05:00,false,https://nicholasnadeau.com/post/2021/11/startup-community-gala-2021-nomination-mentor-of-the-year/
content/event/2021/10/lets-talk-robotics-with-dr-nicholas-nadeau/index.md,,Let's talk robotics with Dr. Nicholas Nadeau!,2021-10-18T00:00:00Z,0001-01-01T00:00:00Z,2021-10-20T06:26:05-04:00,false,https://nicholasnadeau.com/talk/lets-talk-robotics-with-dr.-nicholas-nadeau/
content/event/2021/10/dclic-techno-rendezvous-des-startups-et-industrie-de-llectronique/index.md,,Déclic Techno: Rendez-vous des startups et industrie de l'électronique,2021-10-12T00:00:00Z,0001-01-01T00:00:00Z,2021-10-07T13:59:50-04:00,false,https://nicholasnadeau.com/talk/declic-techno-rendez-vous-des-startups-et-industrie-de-lelectronique/
content/event/2021/10/ieeeembs-robotics-webinar/index.md,,IEEE-EMBS Robotics Webinar,2021-10-02T00:00:00Z,0001-01-01T00:00:00Z,2021-10-02T10:50:42-04:00,false,https://nicholasnadeau.com/talk/ieee-embs-robotics-webinar/
content/post/2021/9/pdf-hero-how-to-extract-emails-with-python/index.md,,PDF Hero: How to Extract Emails with Python,2021-09-11T10:23:30-04:00,0001-01-01T00:00:00Z,2021-09-11T10:23:30-04:00,false,https://nicholasnadeau.com/post/2021/9/pdf-hero-how-to-extract-emails-with-python/
content/post/2021/8/society-robots-and-us-hiring-for-inclusive-robotics/index.md,,"Society, Robots, and Us: Hiring for Inclusive Robotics",2021-08-30T17:50:36-04:00,0001-01-01T00:00:00Z,2021-08-30T17:50:36-04:00,false,https://nicholasnadeau.com/post/2021/8/society-robots-and-us-hiring-for-inclusive-robotics/
content/post/2021/6/things-i-wish-candidates-knew/index.md,,7 Things I Wish Candidates Knew,2021-06-06T11:55:14-04:00,0001-01-01T00:00:00Z,2021-06-06T11:55:14-04:00,false,https://nicholasnadeau.com/post/2021/6/things-i-wish-candidates-knew/
content/post/2021/5/how-i-used-python-monitor-quebec-vaccine-website-to-get-the-first-available-appointment/index.md,,How I Used Python to Monitor Santé Québec's Vaccine Website to Get the First Available Appointment for My Age Group,2021-05-21T10:35:34-04:00,0001-01-01T00:00:00Z,2021-05-21T10:35:34-04:00,false,https://nicholasnadeau.com/post/2021/5/how-i-used-python-monitor-quebec-vaccine-website-to-get-the-first-available-appointment/
content/post/2021/5/things-i-wished-they-taught-in-engineering-school/index.md,,10 Things I Wish They Taught in Engineering School,2021-05-16T11:11:33-04:00,0001-01-01T00:00:00Z,2021-05-16T11:11:33-04:00,false,https://nicholasnadeau.com/post/2021/5/things-i-wished-they-taught-in-engineering-school/
content/post/2021/5/how-to-make-hardware-development-more-agile/index.md,,How to Make Hardware Development More Agile,2021-05-11T16:52:23-04:00,0001-01-01T00:00:00Z,2021-05-11T16:52:23-04:00,false,https://nicholasnadeau.com/post/2021/5/how-to-make-hardware-development-more-agile/
content/post/2021/5/python-tips-how-to-stop-my-pandas-data-table-from-being-truncated-when-printed/index.md,,Python Tips: How to Stop a Pandas Data Table From Being Truncated When Printed,2021-05-03T18:23:04-04:00,0001-01-01T00:00:00Z,2021-05-03T18:23:04-04:00,false,https://nicholasnadeau.com/post/2021/5/python-tips-how-to-stop-my-pandas-data-table-from-being-truncated-when-printed/
content/post/2021/5/python-tips-how-to-read-a-file-without-newlines/index.md,,Python Tips: How to Read a File Without Newlines,2021-05-03T17:43:53-04:00,0001-01-01T00:00:00Z,2021-05-03T17:43:53-04:00,false,https://nicholasnadeau.com/post/2021/5/python-tips-how-to-read-a-file-without-newlines/
content/event/2021/4/silicon-valley-robotics-society-robots-and-us-hiring-for-inclusive-robotics/index.md,,"Society, Robots, and Us: Hiring for Inclusive Robotics",2021-04-27T00:00:00Z,0001-01-01T00:00:00Z,2021-04-22T17:28:03-04:00,false,https://nicholasnadeau.com/talk/society-robots-and-us-hiring-for-inclusive-robotics/
content/event/2021/4/silicon-valley-robotics-online-robotics-job-fair/index.md,,Silicon Valley Robotics: Online Robotics Job Fair,2021-04-21T00:00:00Z,0001-01-01T00:00:00Z,2021-04-18T13:08:09-04:00,false,https://nicholasnadeau.com/talk/silicon-valley-robotics-online-robotics-job-fair/
content/contact/index.md,,Contact,2021-04-20T00:00:00Z,0001-01-01T00:00:00Z,2021-04-20T00:00:00Z,false,https://nicholasnadeau.com/contact/
content/projects/index.md,,Projects and Products,2021-04-20T00:00:00Z,0001-01-01T00:00:00Z,2021-04-20T00:00:00Z,false,https://nicholasnadeau.com/projects/
content/event/2021/4/hardware-in-the-loop-training-robot-contact-in-an-unstructured-environment/index.md,,Hardware in the Loop: Training Robot Contact in an Unstructured Environment,2021-04-19T18:00:00Z,0001-01-01T00:00:00Z,2021-04-18T12:27:58-04:00,false,https://nicholasnadeau.com/talk/hardware-in-the-loop-training-robot-contact-in-an-unstructured-environment/
content/event/2021/4/silicon-valley-robotics-bots-beverages-online/index.md,,Silicon Valley Robotics: Bots Beverages Online,2021-04-07T19:00:00Z,0001-01-01T00:00:00Z,2021-04-18T13:07:48-04:00,false,https://nicholasnadeau.com/talk/silicon-valley-robotics-bots-beverages-online/
content/project/2021/2/ever3-humanoid-research-robot/index.md,,Eve Humanoid Robot,2021-02-03T17:43:54-05:00,0001-01-01T00:00:00Z,2021-02-03T17:43:54-05:00,false,https://nicholasnadeau.com/project/2021/2/ever3-humanoid-research-robot/
content/project/2020/12/aonm2/index.md,,AON-M2,2020-12-25T19:48:34-05:00,0001-01-01T00:00:00Z,2020-12-25T19:48:34-05:00,false,https://nicholasnadeau.com/project/2020/12/aonm2/
content/project/2020/12/brainsight-microsurgical-robot/index.md,,Brainsight® Microsurgical Robot,2020-12-25T14:23:24-05:00,0001-01-01T00:00:00Z,2020-12-25T14:23:24-05:00,false,https://nicholasnadeau.com/project/2020/12/brainsight-microsurgical-robot/
content/project/2020/12/brainsight-deep-brain-stimulator/index.md,,Brainsight® Deep Brain Stimulator,2020-12-25T14:22:23-05:00,0001-01-01T00:00:00Z,2020-12-25T14:22:23-05:00,false,https://nicholasnadeau.com/project/2020/12/brainsight-deep-brain-stimulator/
content/project/2020/12/surgical-planning-custom-implant-design/index.md,,Veterinary Surgical Planning and Custom Implant Design,2020-12-25T14:19:58-05:00,0001-01-01T00:00:00Z,2020-12-25T14:19:58-05:00,false,https://nicholasnadeau.com/project/2020/12/surgical-planning-custom-implant-design/
content/project/2020/12/brainsight-elevatetms/index.md,,Brainsight® Elevate TMS,2020-12-25T14:17:35-05:00,0001-01-01T00:00:00Z,2020-12-25T14:17:35-05:00,false,https://nicholasnadeau.com/project/2020/12/brainsight-elevatetms/
content/project/2020/12/brainsight-tms-chair/index.md,,Brainsight® TMS Chair,2020-12-25T14:14:49-05:00,0001-01-01T00:00:00Z,2020-12-25T14:14:49-05:00,false,https://nicholasnadeau.com/project/2020/12/brainsight-tms-chair/
content/project/2020/12/brainsight-nirs/index.md,,Brainsight® NIRS,2020-12-20T13:47:22-05:00,0001-01-01T00:00:00Z,2020-12-20T13:47:22-05:00,false,https://nicholasnadeau.com/project/2020/12/brainsight-nirs/
content/post/2020/12/mentoring-techstars-montreal-ai-accelerator-2020/index.md,,Mentoring Techstars Montréal AI Accelerator,2020-12-20T09:46:57-05:00,0001-01-01T00:00:00Z,2020-12-20T09:46:57-05:00,false,https://nicholasnadeau.com/post/2020/12/mentoring-techstars-montreal-ai-accelerator-2020/
content/post/2020/11/python-for-hardware-engineers-sqlite-or-how-i-learned-to-stop-worrying-and-love-databases/index.md,,Python for Hardware Engineers: SQLite or; How I Learned to Stop Worrying and Love Databases,2020-11-10T21:35:08-05:00,0001-01-01T00:00:00Z,2020-11-10T21:35:08-05:00,false,https://nicholasnadeau.com/post/2020/11/python-for-hardware-engineers-sqlite-or-how-i-learned-to-stop-worrying-and-love-databases/
content/post/2020/11/python-tricks-replace-all-nonalphanumeric-characters-in-a-string/index.md,,Python Tricks: Replace All Non-alphanumeric Characters in a String,2020-11-07T09:53:15-05:00,0001-01-01T00:00:00Z,0001-01-01T00:00:00Z,false,https://nicholasnadeau.com/post/2020/11/python-tricks-replace-all-nonalphanumeric-characters-in-a-string/
content/post/2020/10/python-for-hardware-engineers-analyzing-temperature-sensor-data/index.md,,Python for Hardware Engineers: Analyzing Temperature and Humidity Data From an OM-24 Sensor,2020-10-31T00:00:00Z,0001-01-01T00:00:00Z,2020-10-31T00:00:00Z,false,https://nicholasnadeau.com/post/2020/10/python-for-hardware-engineers-analyzing-temperature-sensor-data/
content/post/2020/10/sanity-in-the-time-of-covid/index.md,,Sanity in the Time of COVID: Daily Routines That Keep Me Productive and Focused,2020-10-30T00:00:00Z,0001-01-01T00:00:00Z,2020-10-30T00:00:00Z,false,https://nicholasnadeau.com/post/2020/10/sanity-in-the-time-of-covid/
content/post/2020/10/founderfuel-2020-mentoring/index.md,,Mentoring Founderfuel 2020,2020-10-26T16:05:21-04:00,0001-01-01T00:00:00Z,2020-10-26T16:05:21-04:00,false,https://nicholasnadeau.com/post/2020/10/founderfuel-2020-mentoring/
content/post/2020/10/new-series-python-for-hardware-engineering/index.md,,New Series: Python for Hardware Engineers,2020-10-25T00:00:00Z,0001-01-01T00:00:00Z,2020-10-25T00:00:00Z,false,https://nicholasnadeau.com/post/2020/10/new-series-python-for-hardware-engineering/
content/post/2020/10/new-pc-builds-how-my-mission-for-a-smaller-desktop-pc-resulted-in-building-two/index.md,,New PC Builds: How My Mission for a Smaller Desktop PC Resulted in Building Two Systems,2020-10-17T09:43:09-04:00,0001-01-01T00:00:00Z,2020-10-17T09:43:09-04:00,false,https://nicholasnadeau.com/post/2020/10/new-pc-builds-how-my-mission-for-a-smaller-desktop-pc-resulted-in-building-two/
content/post/2020/9/how-to-reset-a-windows-password-with-just-physical-access-and-ubuntu/index.md,,How to Reset a Windows Password With Just Physical Access and an Ubuntu USB,2020-09-23T07:48:36-04:00,0001-01-01T00:00:00Z,2020-09-23T07:48:36-04:00,false,https://nicholasnadeau.com/post/2020/9/how-to-reset-a-windows-password-with-just-physical-access-and-ubuntu/
content/post/2020/9/python-snippets-dropping-infinite-values-from-dataframes-in-pandas/index.md,,Python Snippets: Dropping Infinite Values From Dataframes in Pandas,2020-09-09T07:24:08-04:00,0001-01-01T00:00:00Z,2020-09-09T07:24:08-04:00,false,https://nicholasnadeau.com/post/2020/9/python-snippets-dropping-infinite-values-from-dataframes-in-pandas/
content/post/2020/8/evaluating-twitter-with-plumes/index.md,,Social Hygiene: Pruning my Twitter Feed with Plumes,2020-09-08T00:00:00Z,0001-01-01T00:00:00Z,2020-09-08T00:00:00Z,false,https://nicholasnadeau.com/post/2020/8/evaluating-twitter-with-plumes/
content/project/2020/8/robotiq-ft-sensor-java/index.md,,Robotiq FT Sensor Java,2020-08-23T19:48:07-04:00,0001-01-01T00:00:00Z,2020-08-23T19:48:07-04:00,false,https://nicholasnadeau.com/project/2020/8/robotiq-ft-sensor-java/
content/project/2020/8/labell/index.md,,Labell,2020-08-23T19:35:06-04:00,0001-01-01T00:00:00Z,2020-08-23T19:35:06-04:00,false,https://nicholasnadeau.com/project/2020/8/labell/
content/project/2020/8/cv/index.md,,CV,2020-08-23T19:06:54-04:00,0001-01-01T00:00:00Z,2020-08-23T19:06:54-04:00,false,https://nicholasnadeau.com/project/2020/8/cv/
content/project/2020/8/kuka-lbr-iiwa-examples/index.md,,Kuka LBR iiwa Examples,2020-08-23T11:31:52-04:00,0001-01-01T00:00:00Z,2020-08-23T11:31:52-04:00,false,https://nicholasnadeau.com/project/2020/8/kuka-lbr-iiwa-examples/
content/project/2020/8/personal-site/index.md,,Personal Site,2020-08-23T11:15:27-04:00,0001-01-01T00:00:00Z,2020-08-23T11:15:27-04:00,false,https://nicholasnadeau.com/project/2020/8/personal-site/
content/project/2020/8/plumes/index.md,,Plumes,2020-08-23T10:33:11-04:00,0001-01-01T00:00:00Z,2020-08-23T10:33:11-04:00,false,https://nicholasnadeau.com/project/2020/8/plumes/
content/project/2020/8/pybotics/index.md,,Pybotics,2020-08-23T10:33:04-04:00,0001-01-01T00:00:00Z,2020-08-23T10:33:04-04:00,false,https://nicholasnadeau.com/project/2020/8/pybotics/
content/post/2020/8/one-version-to-rule-them-all-keeping-your-python-package-version-number-in-sync-with-git-and-poetry/index.md,,One Version to Rule Them All: Keeping Your Python Package Version Number in Sync With Git and Poetry,2020-08-08T14:54:23-04:00,0001-01-01T00:00:00Z,2020-08-08T14:54:23-04:00,false,https://nicholasnadeau.com/post/2020/8/one-version-to-rule-them-all-keeping-your-python-package-version-number-in-sync-with-git-and-poetry/
content/post/2020/6/pushing-timesheet-data-and-events-to-clockify-using-python/index.md,,Pushing Timesheet Data and Events to Clockify Using Python,2020-06-25T12:04:57-04:00,0001-01-01T00:00:00Z,2020-06-25T12:04:57-04:00,false,https://nicholasnadeau.com/post/2020/6/pushing-timesheet-data-and-events-to-clockify-using-python/
content/post/2020/6/download-ical-calendar-data-using-python/index.md,,Download iCal Calendar Data Using Python,2020-06-25T08:32:04-04:00,0001-01-01T00:00:00Z,2020-06-25T08:32:04-04:00,false,https://nicholasnadeau.com/post/2020/6/download-ical-calendar-data-using-python/
content/post/2020/6/how-i-hired-a-senior-fullstack-developer-from-vanhack/index.md,,How I Hired a Senior Full-stack Developer in Colombia through VanHack,2020-06-17T14:58:12-04:00,0001-01-01T00:00:00Z,2020-06-17T14:58:12-04:00,false,https://nicholasnadeau.com/post/2020/6/how-i-hired-a-senior-fullstack-developer-from-vanhack/
content/post/2020/6/pushing-data-to-power-bi-using-python/index.md,,Pushing Streaming Data to Microsoft Power BI for Data Visualization Using Python,2020-06-15T16:32:36-04:00,0001-01-01T00:00:00Z,2020-06-15T16:32:36-04:00,false,https://nicholasnadeau.com/post/2020/6/pushing-data-to-power-bi-using-python/
content/post/2020/5/converting-gopro-timelapse-to-a-video-or-gif-with-imagemagick-and-ffmpeg/index.md,,Converting GoPro Timelapse Images to a Video with Imagemagick and ffmpeg,2020-05-19T13:47:35-04:00,0001-01-01T00:00:00Z,2020-05-19T13:47:35-04:00,false,https://nicholasnadeau.com/post/2020/5/converting-gopro-timelapse-to-a-video-or-gif-with-imagemagick-and-ffmpeg/
content/post/2020/5/aon3d-takes-part-in-code-life-ventilator-challenge-to-help-ease-the-covid-crisis/index.md,,AON3D Takes Part in Code Life Ventilator Challenge to Help Ease the COVID Crisis,2020-05-13T16:00:42-04:00,0001-01-01T00:00:00Z,2020-05-13T16:00:42-04:00,false,https://nicholasnadeau.com/post/2020/5/aon3d-takes-part-in-code-life-ventilator-challenge-to-help-ease-the-covid-crisis/
content/post/2020/5/tip-of-the-day-run-google-lighthouse-tests-on-your-netlify-build-pipeline/index.md,,Tip of the Day: Automate Google Lighthouse Tests on Your Netlify Build Pipeline,2020-05-13T08:46:36-04:00,0001-01-01T00:00:00Z,2020-05-13T08:46:36-04:00,false,https://nicholasnadeau.com/post/2020/5/tip-of-the-day-run-google-lighthouse-tests-on-your-netlify-build-pipeline/
content/post/2020/5/tip-of-the-day-user-based-python-configurations-with-dynaconf/index.md,,Tip of the Day: User-based Settings Configuration for Python With Dynaconf,2020-05-06T13:14:48-04:00,0001-01-01T00:00:00Z,2020-05-06T13:14:48-04:00,false,https://nicholasnadeau.com/post/2020/5/tip-of-the-day-user-based-python-configurations-with-dynaconf/
content/post/2020/5/kuka-lbr-iiwa-examples/index.md,,KUKA LBR iiwa Examples,2020-05-03T21:41:25-04:00,0001-01-01T00:00:00Z,2020-05-03T21:41:25-04:00,false,https://nicholasnadeau.com/post/2020/5/kuka-lbr-iiwa-examples/
content/post/2020/4/dev-tips-recursively-delete-empty-folders/index.md,,Tip of the Day: Recursively Delete Empty Folders,2020-04-21T07:57:14-04:00,0001-01-01T00:00:00Z,2020-04-21T07:57:14-04:00,false,https://nicholasnadeau.com/post/2020/4/dev-tips-recursively-delete-empty-folders/
content/event/2020/4/dyndrite-developer-council-ddc2020/index.md,,Making Materials Matter,2020-04-21T00:00:00Z,0001-01-01T00:00:00Z,2020-04-16T13:36:33-04:00,false,https://nicholasnadeau.com/talk/making-materials-matter/
content/post/2020/4/dev-tips-readme-template-with-title-image/index.md,,Tip of the Day: Markdown README Template With Title Image,2020-04-20T07:31:23-04:00,0001-01-01T00:00:00Z,2020-04-20T07:31:23-04:00,false,https://nicholasnadeau.com/post/2020/4/dev-tips-readme-template-with-title-image/
content/post/2020/4/des-milliers-de-visires-fabriques-grce-limpression-3d/index.md,,Des milliers de visières fabriquées grâce à l’impression 3D,2020-04-15T16:58:57-04:00,0001-01-01T00:00:00Z,2020-04-15T16:58:57-04:00,false,https://nicholasnadeau.com/post/2020/4/des-milliers-de-visires-fabriques-grce-limpression-3d/
content/event/2020/4/the-products-by-design-podcast/index.md,,The Products by Design Podcast,2020-04-08T00:00:00Z,0001-01-01T00:00:00Z,2020-04-22T13:20:59-04:00,false,https://nicholasnadeau.com/talk/the-products-by-design-podcast/
content/post/2020/4/dev-tip-quickly-share-files/index.md,,Tip of the Day: Quickly Share Files with Python and ngrok,2020-04-06T07:42:59-04:00,0001-01-01T00:00:00Z,2020-04-06T07:42:59-04:00,false,https://nicholasnadeau.com/post/2020/4/dev-tip-quickly-share-files/
content/post/2020/4/coronavirus-montreal-companies-rush-to-start-making-medical-equipment/index.md,,Coronavirus: Montréal Companies Rush to Start Making Medical Equipment,2020-04-03T22:29:29-04:00,0001-01-01T00:00:00Z,2020-04-03T22:29:29-04:00,false,https://nicholasnadeau.com/post/2020/4/coronavirus-montreal-companies-rush-to-start-making-medical-equipment/
content/post/2020/4/python-tips-round-robin/index.md,,Tip of the Day: Combining Iterables in Python Through Round Robin,2020-04-03T07:03:06-04:00,0001-01-01T00:00:00Z,2020-04-03T07:03:06-04:00,false,https://nicholasnadeau.com/post/2020/4/python-tips-round-robin/
content/post/2020/4/regex-tips-find-nonascii-characters/index.md,,Tip of the Day: Find non-ASCII Characters with Regex,2020-04-03T00:00:00Z,0001-01-01T00:00:00Z,2020-04-03T00:00:00Z,false,https://nicholasnadeau.com/post/2020/4/regex-tips-find-nonascii-characters/
content/publication/nadeau-2019-towards/index.md,,"Towards the development of safe, collaborative robotic freehand ultrasound",2020-02-25T00:00:00Z,0001-01-01T00:00:00Z,2020-02-25T00:00:00Z,false,https://nicholasnadeau.com/publication/nadeau-2019-towards/
content/post/2020/1/phd-defence/index.md,,Ph.D. Defence: Officially Dr Nick,2020-01-15T16:13:49-05:00,0001-01-01T00:00:00Z,2020-01-15T16:13:49-05:00,false,https://nicholasnadeau.com/post/2020/1/phd-defence/
content/post/2020/1/ubuntu-server-on-a-raspberry-pi/index.md,,Ubuntu Server on a Raspberry Pi,2020-01-13T00:00:00Z,0001-01-01T00:00:00Z,2020-01-13T00:00:00Z,false,https://nicholasnadeau.com/post/2020/1/ubuntu-server-on-a-raspberry-pi/
content/post/2020/1/debugging-anacron/index.md,,Debugging Anacron,2020-01-12T18:39:48-05:00,0001-01-01T00:00:00Z,2020-01-12T18:39:48-05:00,false,https://nicholasnadeau.com/post/2020/1/debugging-anacron/
content/publication/nadeau-2019-pybotics/index.md,,Pybotics: Python Toolbox for Robotics,2019-09-30T00:00:00Z,0001-01-01T00:00:00Z,2019-11-16T19:04:18Z,false,https://nicholasnadeau.com/publication/nadeau-2019-pybotics/
content/post/2019/6/rd_partners/index.md,,How AON3D Finds New Funding Opportunities,2019-06-13T14:05:55-04:00,0001-01-01T00:00:00Z,2019-06-13T14:05:55-04:00,false,https://nicholasnadeau.com/post/2019/6/rd_partners/
content/post/2019/2/profiling-python-code/index.md,,Profiling Python Code,2019-02-10T15:07:03-05:00,0001-01-01T00:00:00Z,2019-02-10T15:07:03-05:00,false,https://nicholasnadeau.com/post/2019/2/profiling-python-code/
content/post/2019/2/cli-resize-images/index.md,,Resize and Convert All Images in a Directory,2019-02-10T11:27:47-05:00,0001-01-01T00:00:00Z,2019-02-10T11:27:47-05:00,false,https://nicholasnadeau.com/post/2019/2/cli-resize-images/
content/post/2019/2/skipping-youtube-ads-with-vlc/index.md,,Skipping YouTube Ads With VLC,2019-02-10T11:18:18-05:00,0001-01-01T00:00:00Z,2019-02-10T11:18:18-05:00,false,https://nicholasnadeau.com/post/2019/2/skipping-youtube-ads-with-vlc/
content/post/2019/2/raspberry-pi-setup/index.md,,Setting Up a Raspberry Pi for Dev Side-projects,2019-02-10T10:40:22-05:00,0001-01-01T00:00:00Z,2019-02-10T10:40:22-05:00,false,https://nicholasnadeau.com/post/2019/2/raspberry-pi-setup/
content/publication/nadeau-2019-impedance/index.md,,Impedance Control Self-Calibration of a Collaborative Robot Using Kinematic Coupling,2019-01-01T00:00:00Z,0001-01-01T00:00:00Z,2019-11-16T19:04:18Z,false,https://nicholasnadeau.com/publication/nadeau-2019-impedance/
content/post/2018/12/sosua-scuba/index.md,,"Scuba - Sosúa, Dominican Republic",2018-12-31T10:26:18-05:00,0001-01-01T00:00:00Z,2018-12-31T10:26:18-05:00,false,https://nicholasnadeau.com/post/2018/12/sosua-scuba/
content/event/2018/10/iros-2018/index.md,,Evolutionary Motion Control Optimization in Physical Human-Robot Interaction,2018-10-02T14:30:00-04:00,0001-01-01T00:00:00Z,2018-10-02T14:30:00-04:00,false,https://nicholasnadeau.com/talk/evolutionary-motion-control-optimization-in-physical-human-robot-interaction/
content/publication/kwiatkowski-2018-extrinsic/index.md,,An Extrinsic Dexterity Approach to the IROS 2018 Fan Robotic Challenge,2018-10-01T00:00:00Z,0001-01-01T00:00:00Z,2019-11-16T19:04:18Z,false,https://nicholasnadeau.com/publication/kwiatkowski-2018-extrinsic/
content/publication/nadeau-2018-evolutionary/index.md,,Evolutionary Motion Control Optimization in Physical Human-Robot Interaction,2018-10-01T00:00:00Z,0001-01-01T00:00:00Z,2019-11-16T19:04:18Z,false,https://nicholasnadeau.com/publication/nadeau-2018-evolutionary/
content/post/2018/8/spelling-is-next-to-godliness/index.md,,Spelling Is Next to Godliness,2018-08-07T13:12:00Z,0001-01-01T00:00:00Z,2018-08-07T13:12:00Z,false,https://nicholasnadeau.com/post/2018/8/spelling-is-next-to-godliness/
content/post/2018/8/admonition-blocks-making-your-documentation-stand-out/index.md,,Admonition Blocks: Making Your Documentation Stand Out,2018-08-04T15:23:50Z,0001-01-01T00:00:00Z,2018-08-04T15:23:50Z,false,https://nicholasnadeau.com/post/2018/8/admonition-blocks-making-your-documentation-stand-out/
content/post/2018/7/interprocess-communication-with-redis-pubsub/index.md,,Interprocess Communication with Redis,2018-07-30T21:55:53Z,0001-01-01T00:00:00Z,2018-07-30T21:55:53Z,false,https://nicholasnadeau.com/post/2018/7/interprocess-communication-with-redis-pubsub/
content/post/2018/7/using-ms-word-to-check-latex-documents/index.md,,Using MS Word to Check LaTeX Documents,2018-07-30T21:04:52Z,0001-01-01T00:00:00Z,2018-07-30T21:04:52Z,false,https://nicholasnadeau.com/post/2018/7/using-ms-word-to-check-latex-documents/
content/post/2018/7/testing-python-installs-with-docker/index.md,,Testing Python Packages with Docker,2018-07-30T20:42:57Z,0001-01-01T00:00:00Z,2018-07-30T20:42:57Z,false,https://nicholasnadeau.com/post/2018/7/testing-python-installs-with-docker/
content/post/2018/7/publication-in-iros-2018/index.md,,Publication in the Proceedings of the 2018 IEEE/RSJ International Conference on Intelligent Robots and Systems (IROS 2018),2018-07-01T09:44:46Z,0001-01-01T00:00:00Z,2018-07-01T09:44:46Z,false,https://nicholasnadeau.com/post/2018/7/publication-in-iros-2018/
content/post/2018/6/big-parenthesis-in-a-latex-equation/index.md,,Big Parenthesis in a LaTeX Equation,2018-06-25T22:13:30Z,0001-01-01T00:00:00Z,2018-06-25T22:13:30Z,false,https://nicholasnadeau.com/post/2018/6/big-parenthesis-in-a-latex-equation/
content/post/2018/6/great-looking-latex-tables/index.md,,Great Looking LaTeX Tables,2018-06-25T22:13:30Z,0001-01-01T00:00:00Z,2018-06-25T22:13:30Z,false,https://nicholasnadeau.com/post/2018/6/great-looking-latex-tables/
content/post/2018/6/my-favourite-latex-packages/index.md,,My Favourite LaTeX Packages,2018-06-25T22:13:30Z,0001-01-01T00:00:00Z,2018-06-25T22:13:30Z,false,https://nicholasnadeau.com/post/2018/6/my-favourite-latex-packages/
content/post/2018/6/stop-latex-floats-and-figures-from-appearing-in-references-section/index.md,,Stop LaTeX Floats and Figures from Appearing in References Section,2018-06-25T22:13:30Z,0001-01-01T00:00:00Z,2018-06-25T22:13:30Z,false,https://nicholasnadeau.com/post/2018/6/stop-latex-floats-and-figures-from-appearing-in-references-section/
content/post/2018/6/recap-movin-on-2018/index.md,,Recap: Movin' On 2018,2018-06-25T11:11:11Z,0001-01-01T00:00:00Z,2018-06-25T11:11:11Z,false,https://nicholasnadeau.com/post/2018/6/recap-movin-on-2018/
content/post/2018/6/adventures-blue-lagoon-iceland/index.md,,"Adventures: Blue Lagoon, Iceland",2018-06-25T00:00:00Z,0001-01-01T00:00:00Z,2018-06-25T00:00:00Z,false,https://nicholasnadeau.com/post/2018/6/adventures-blue-lagoon-iceland/
content/post/2018/6/adventures-gullfoss-iceland/index.md,,"Adventures: Gullfoss, Iceland",2018-06-25T00:00:00Z,0001-01-01T00:00:00Z,2018-06-25T00:00:00Z,false,https://nicholasnadeau.com/post/2018/6/adventures-gullfoss-iceland/
content/post/2018/6/adventures-silfra-snorkeling-iceland/index.md,,"Adventures: Silfra Snorkeling, Iceland",2018-06-25T00:00:00Z,0001-01-01T00:00:00Z,2018-06-25T00:00:00Z,false,https://nicholasnadeau.com/post/2018/6/adventures-silfra-snorkeling-iceland/
content/post/2018/6/adventures-thingvellir-geysir/index.md,,"Adventures: Thingvellir + Geysir, Iceland",2018-06-25T00:00:00Z,0001-01-01T00:00:00Z,2018-06-25T00:00:00Z,false,https://nicholasnadeau.com/post/2018/6/adventures-thingvellir-geysir/
content/post/2018/6/lachine-canal-kayaking-montreal/index.md,,"Lachine Canal Kayaking, Montréal",2018-06-25T00:00:00Z,0001-01-01T00:00:00Z,2018-06-25T00:00:00Z,false,https://nicholasnadeau.com/post/2018/6/lachine-canal-kayaking-montreal/
content/post/2018/6/convert-images-in-a-directory/index.md,,Convert Images in a Directory,2018-06-14T00:00:00Z,0001-01-01T00:00:00Z,2018-06-14T00:00:00Z,false,https://nicholasnadeau.com/post/2018/6/convert-images-in-a-directory/
content/post/2018/6/count-the-number-of-files-in-a-directory/index.md,,Count the Number of Files in a Directory,2018-06-14T00:00:00Z,0001-01-01T00:00:00Z,2018-06-14T00:00:00Z,false,https://nicholasnadeau.com/post/2018/6/count-the-number-of-files-in-a-directory/
content/post/2018/6/count-the-number-of-words-in-a-latex-document/index.md,,Count the Number of Words in a LaTeX Document,2018-06-14T00:00:00Z,0001-01-01T00:00:00Z,2018-06-14T00:00:00Z,false,https://nicholasnadeau.com/post/2018/6/count-the-number-of-words-in-a-latex-document/
content/post/2018/6/recursively-git-reset-all-submodules/index.md,,Recursively Git Reset All Submodules,2018-06-14T00:00:00Z,0001-01-01T00:00:00Z,2018-06-14T00:00:00Z,false,https://nicholasnadeau.com/post/2018/6/recursively-git-reset-all-submodules/
content/post/2018/6/start-a-simple-web-server/index.md,,Start a Simple Web Server,2018-06-14T00:00:00Z,0001-01-01T00:00:00Z,2018-06-14T00:00:00Z,false,https://nicholasnadeau.com/post/2018/6/start-a-simple-web-server/
content/post/2018/5/pybotics/index.md,,Pybotics,2018-05-01T00:00:00Z,0001-01-01T00:00:00Z,2018-05-01T00:00:00Z,false,https://nicholasnadeau.com/post/2018/5/pybotics/
content/post/2018/4/robotics-symposium-2018-recap/index.md,,Robotics Symposium 2018 Recap,2018-04-06T00:00:00Z,0001-01-01T00:00:00Z,2018-04-06T00:00:00Z,false,https://nicholasnadeau.com/post/2018/4/robotics-symposium-2018-recap/
content/post/2018/2/how-to-trigger-a-travis-ci-build-without-admin-privileges/index.md,,How to Trigger a Travis CI Build Without Admin Privileges,2018-02-01T00:00:00Z,0001-01-01T00:00:00Z,2018-02-01T00:00:00Z,false,https://nicholasnadeau.com/post/2018/2/how-to-trigger-a-travis-ci-build-without-admin-privileges/
content/post/2018/1/issue-branch-converter/index.md,,Issue-Branch Converter,2018-01-01T00:00:00Z,0001-01-01T00:00:00Z,2018-01-01T00:00:00Z,false,https://nicholasnadeau.com/post/2018/1/issue-branch-converter/
content/event/2017/11/pycon-canada-2017/index.md,,"Domo arigato, Mr. Roboto: Calibrating Robots with Python",2017-11-19T00:00:00-05:00,0001-01-01T00:00:00Z,2017-11-19T00:00:00-05:00,false,https://nicholasnadeau.com/talk/domo-arigato-mr.-roboto-calibrating-robots-with-python/
content/event/2017/11/robotic-microsurgical-system-for-smallanimal-neurosurgery/index.md,,Characterization of a Robotic Micro-surgical System for Small-animal Neurosurgery,2017-11-06T00:00:00-05:00,0001-01-01T00:00:00Z,2017-11-06T00:00:00-05:00,false,https://nicholasnadeau.com/talk/characterization-of-a-robotic-micro-surgical-system-for-small-animal-neurosurgery/
content/event/2017/10/python-montreal-2017/index.md,,"Domo arigato, Mr. Roboto: Calibrating Robots with Python",2017-10-01T00:00:00-04:00,0001-01-01T00:00:00Z,2017-10-01T00:00:00-04:00,false,https://nicholasnadeau.com/talk/domo-arigato-mr.-roboto-calibrating-robots-with-python/
content/post/2017/8/neuroscience-2017/index.md,,Neuroscience 2017,2017-08-13T00:00:00Z,0001-01-01T00:00:00Z,2017-08-13T00:00:00Z,false,https://nicholasnadeau.com/post/2017/8/neuroscience-2017/
content/post/2017/4/celebrating-researchers-who-ll-shape-canada-s-future-nicholas-nadeau/index.md,,Celebrating researchers who'll shape Canada's future: Nicholas Nadeau,2017-04-10T00:00:00Z,0001-01-01T00:00:00Z,2017-04-10T00:00:00Z,false,https://nicholasnadeau.com/post/2017/4/celebrating-researchers-who-ll-shape-canada-s-future-nicholas-nadeau/
content/publication/nadeau-2017-characterization/index.md,,Characterization of a robotic micro-surgical system for small-animal neurosurgery,2017-01-01T00:00:00Z,0001-01-01T00:00:00Z,2019-11-16T19:04:18Z,false,https://nicholasnadeau.com/publication/nadeau-2017-characterization/
content/event/2016/11/lets-talk-about-neurosurgical-veterinary-robotics/index.md,,Let's Talk About Neurosurgical Veterinary Robotics,2016-11-01T00:00:00-04:00,0001-01-01T00:00:00Z,2016-11-01T00:00:00-04:00,false,https://nicholasnadeau.com/talk/lets-talk-about-neurosurgical-veterinary-robotics/
content/post/2016/8/spotlight-engineering-neuroscience-products/index.md,,Spotlight: Engineering Neuroscience Products,2016-08-22T00:00:00Z,0001-01-01T00:00:00Z,2016-08-22T00:00:00Z,false,https://nicholasnadeau.com/post/2016/8/spotlight-engineering-neuroscience-products/
content/post/2016/5/future-micro-surgical-robot/index.md,,Future Micro-surgical Robot!,2016-05-13T00:00:00Z,0001-01-01T00:00:00Z,2016-05-13T00:00:00Z,false,https://nicholasnadeau.com/post/2016/5/future-micro-surgical-robot/
content/post/2016/5/robotic-arm-to-aid-with-mental-health-treatment/index.md,,Robotic Arm to Aid with Mental Health Treatment,2016-05-13T00:00:00Z,0001-01-01T00:00:00Z,2016-05-13T00:00:00Z,false,https://nicholasnadeau.com/post/2016/5/robotic-arm-to-aid-with-mental-health-treatment/
